lang	url
en	http://www.distilled.co.uk
en	http://www.plasticbag.org
en	http://www.melaniephillips.com
en	http://www.anenglishmanscastle.com
en	http://designersblock.blogspot.com
en	http://www.blogjam.com
en	http://girlwithaonetrackmind.blogspot.com
en	http://feeds.feedburner.com
en	http://www.chickyog.net
en	http://sluggerotoole.com
en	http://rachelnorthlondon.blogspot.com
en	http://www.londonist.com
en	http://hurryupharry.bloghouse.net
en	http://www.davidnaylor.co.uk
en	http://www.gospelrhys.co.uk
en	http://webgazette.co.uk
en	http://chasemeladies.blogspot.com
en	http://randomreality.blogware.com
en	http://eureferendum.blogspot.com
en	http://rss.allaboutsymbian.com
en	http://www.thingsmagazine.net
en	http://www.badscience.net
en	http://feeds.simonwillison.net
en	http://selfmademinds.com
en	http://www.adamsmith.org
en	http://neilturner.me.uk
en	http://www.andybudd.com
en	http://www.affiliateblog.co.uk
en	http://www.samizdata.net
en	http://www.weblogcartoons.com
en	http://www.warrenellis.com
en	http://www.gapingvoid.com
en	http://xo.typepad.com
en	http://www.popjustice.com
en	http://leninology.blogspot.com
en	http://www.corante.com
en	http://www.kryogenix.org
en	http://adactio.com
en	http://politicalbetting.com
en	http://timworstall.typepad.com
en	http://infovore.org
en	http://rss1.mediafed.com
en	http://www.bloggerheads.com
en	http://www.binarymoon.co.uk
en	http://www.coolsmartphone.com
en	http://b3ta.com
en	http://johnbakersblog.co.uk
en	http://iaindale.blogspot.com
en	http://www.currybet.net
en	http://www.cornwallseo.com
en	http://www.rathergood.com
en	http://www.bloggersblog.com
en	http://belledejour-uk.blogspot.com
en	http://www.ilovejackdaniels.com
en	http://feeds.joeanderson.co.uk
en	http://www.chrisg.com
en	http://fadtastic.net
en	http://www.lazylaces.com
en	http://www.iamcal.com
en	http://www.shinyshiny.tv
en	http://feeds.redflymarketing.com
en	http://www.pickledpolitics.com
en	http://www.mindhacks.com
en	http://www.chromasia.com
en	http://www.mobile-weblog.com
en	http://boakes.org
en	http://allinthehead.com
en	http://www.coolest-gadgets.com
en	http://techdigest.tv
en	http://www.the-spine.com
en	http://www.spamula.net
